{
  "settings": {
    "d1_dir": "data\\D1",
    "log_file": "preliminary_sel_log_dataset.csv",
    "label_file": "preliminary_train_label_dataset_s.csv",
    "window_candidates": [
      12,
      24
    ],
    "fallback_all_before": true,
    "use_server_model": true,
    "embedding_size": 16,
    "embedding_seed": 42,
    "idf_threshold": 0.4,
    "min_samples": 3,
    "xi": 0.05,
    "n_splits": 3,
    "random_state": 42,
    "rf_n_estimators": 300
  },
  "results": [
    {
      "window_hours": 12,
      "acc_mean": 0.6636410225537913,
      "acc_std": 0.006704255920349053,
      "f1_mean": 0.4873581739234516,
      "f1_std": 0.0030158030440699374,
      "labels": [
        0,
        1,
        2,
        3
      ],
      "confusion_matrix": [
        [
          54,
          148,
          137,
          17
        ],
        [
          101,
          443,
          294,
          28
        ],
        [
          35,
          163,
          2178,
          72
        ],
        [
          42,
          130,
          316,
          251
        ]
      ]
    },
    {
      "window_hours": 24,
      "acc_mean": 0.6634158088013966,
      "acc_std": 0.005558475053235061,
      "f1_mean": 0.48945498262233517,
      "f1_std": 0.00653112320426451,
      "labels": [
        0,
        1,
        2,
        3
      ],
      "confusion_matrix": [
        [
          56,
          142,
          142,
          16
        ],
        [
          108,
          429,
          294,
          35
        ],
        [
          73,
          117,
          2185,
          73
        ],
        [
          87,
          75,
          322,
          255
        ]
      ]
    }
  ],
  "best_by_macro_f1": {
    "window_hours": 24,
    "acc_mean": 0.6634158088013966,
    "acc_std": 0.005558475053235061,
    "f1_mean": 0.48945498262233517,
    "f1_std": 0.00653112320426451,
    "labels": [
      0,
      1,
      2,
      3
    ],
    "confusion_matrix": [
      [
        56,
        142,
        142,
        16
      ],
      [
        108,
        429,
        294,
        35
      ],
      [
        73,
        117,
        2185,
        73
      ],
      [
        87,
        75,
        322,
        255
      ]
    ]
  }
}